counts,emotion,percent
1403,happi,0.09767474241158451
1129,sad,0.07859927596769702
711,angri,0.04949874686716792
633,confus,0.04406850459482038
588,shock,0.04093567251461988
529,surpris,0.03682818156502367
499,upset,0.03473962684489
403,mad,0.028056251740462265
400,disgust,0.0278473962684489
350,scare,0.024366471734892786
327,none,0.022765246449456975
303,excit,0.02109440267335004
296,silli,0.020607073238652185
280,content,0.01949317738791423
176,annoy,0.012252854358117515
164,calm,0.011417432470064048
161,goofi,0.011208576998050682
158,seriou,0.010999721526037315
157,unhappi,0.010930103035366193
131,bore,0.009120022277917014
126,worri,0.008771929824561403
125,funni,0.00870231133389028
122,unpleas,0.008493455861876914
117,supris,0.008145363408521303
110,smile,0.007658033973823447
109,cri,0.007588415483152325
101,uncomfort,0.007031467557783347
96,frustrat,0.006683375104427736
92,disappoint,0.006404901141743247
80,concern,0.00556947925368978
74,interest,0.005151768309663046
71,focus,0.0049429128376496795
70,intrigu,0.004873294346978557
67,play,0.0046644388749651905
67,blank,0.0046644388749651905
66,tire,0.004594820384294068
65,stare,0.004525201893622946
60,curiou,0.004177109440267335
57,pleas,0.003968253968253968
54,bad,0.0037593984962406013
53,regret,0.003689780005569479
52,cute,0.003620161514898357
52,confid,0.003620161514898357
51,indiffer,0.0035505430242272346
51,chill,0.0035505430242272346
50,crazi,0.0034809245335561123
46,guilti,0.0032024505708716233
45,pose,0.003132832080200501
44,displeas,0.003063213589529379
42,hate,0.0029239766081871343
41,hurt,0.002854358117516012
41,anger,0.002854358117516012
37,distraught,0.002575884154831523
35,weird,0.0024366471734892786
35,dislik,0.0024366471734892786
34,normal,0.0023670286828181564
34,ugli,0.0023670286828181564
34,fear,0.0023670286828181564
33,disbelief,0.002297410192147034
32,depress,0.002227791701475912
32,afraid,0.002227791701475912
31,teeth,0.0021581732108047896
30,joy,0.0020885547201336674
28,quirki,0.001949317738791423
28,gross,0.001949317738791423
28,distress,0.001949317738791423
27,cool,0.0018796992481203006
27,kid,0.0018796992481203006
27,lost,0.0018796992481203006
27,frustur,0.0018796992481203006
27,shook,0.0018796992481203006
26,question,0.0018100807574491784
26,strang,0.0018100807574491784
26,young,0.0018100807574491784
24,tear,0.001670843776106934
24,uninterest,0.001670843776106934
24,anxiou,0.001670843776106934
24,sassi,0.001670843776106934
23,thrill,0.0016012252854358117
23,proud,0.0016012252854358117
23,nervou,0.0016012252854358117
22,amaz,0.0015316067947646894
22,piss,0.0015316067947646894
22,judgement,0.0015316067947646894
20,cheer,0.001392369813422445
20,scream,0.001392369813422445
20,dissapoint,0.001392369813422445
20,unamus,0.001392369813422445
20,fun,0.001392369813422445
20,sour,0.001392369813422445
19,smug,0.0013227513227513227
18,bother,0.0012531328320802004
18,bewild,0.0012531328320802004
17,neutral,0.0011835143414090782
17,comfort,0.0011835143414090782
17,daze,0.0011835143414090782
17,smirk,0.0011835143414090782
17,yell,0.0011835143414090782
17,intens,0.0011835143414090782
17,creepi,0.0011835143414090782
16,amus,0.001113895850737956
16,grin,0.001113895850737956
16,frighten,0.001113895850737956
16,terrifi,0.001113895850737956
16,passion,0.001113895850737956
15,what,0.0010442773600668337
15,hungri,0.0010442773600668337
15,irrit,0.0010442773600668337
14,startl,0.0009746588693957114
14,freak,0.0009746588693957114
14,squint,0.0009746588693957114
13,critic,0.0009050403787245892
13,shout,0.0009050403787245892
13,babi,0.0009050403787245892
13,determin,0.0009050403787245892
13,apathet,0.0009050403787245892
13,joke,0.0009050403787245892
13,emotionless,0.0009050403787245892
12,furiou,0.000835421888053467
12,stern,0.000835421888053467
12,eager,0.000835421888053467
12,stress,0.000835421888053467
12,suspici,0.000835421888053467
12,perplex,0.000835421888053467
12,wow,0.000835421888053467
11,unfamiliar,0.0007658033973823447
11,mischevi,0.0007658033973823447
11,foolish,0.0007658033973823447
11,pout,0.0007658033973823447
11,white,0.0007658033973823447
11,passiv,0.0007658033973823447
11,collect,0.0007658033973823447
11,old,0.0007658033973823447
11,mischiev,0.0007658033973823447
11,stubborn,0.0007658033973823447
10,laugh,0.0006961849067112225
10,helpless,0.0006961849067112225
10,uncertain,0.0006961849067112225
10,satisfi,0.0006961849067112225
10,think,0.0006961849067112225
10,pretti,0.0006961849067112225
10,baffl,0.0006961849067112225
9,smiley,0.0006265664160401002
9,sli,0.0006265664160401002
9,anticip,0.0006265664160401002
9,naughti,0.0006265664160401002
9,judg,0.0006265664160401002
9,fake,0.0006265664160401002
9,enthusiast,0.0006265664160401002
9,scari,0.0006265664160401002
9,grumpi,0.0006265664160401002
8,horrifi,0.000556947925368978
8,unpleasnat,0.000556947925368978
8,remors,0.000556947925368978
8,cranki,0.000556947925368978
8,devast,0.000556947925368978
8,discont,0.000556947925368978
8,emot,0.000556947925368978
8,puzzl,0.000556947925368978
8,relax,0.000556947925368978
8,concentr,0.000556947925368978
8,surpis,0.000556947925368978
8,unimpress,0.000556947925368978
8,unawar,0.000556947925368978
8,blond,0.000556947925368978
8,well,0.000556947925368978
8,speechless,0.000556947925368978
7,mock,0.0004873294346978557
7,humor,0.0004873294346978557
7,heartbroken,0.0004873294346978557
7,love,0.0004873294346978557
7,analyz,0.0004873294346978557
7,peac,0.0004873294346978557
7,unfocus,0.0004873294346978557
7,sob,0.0004873294346978557
7,wrinkl,0.0004873294346978557
7,stun,0.0004873294346978557
7,loss,0.0004873294346978557
7,scard,0.0004873294346978557
7,distract,0.0004873294346978557
7,unphas,0.0004873294346978557
7,unsur,0.0004873294346978557
7,frown,0.0004873294346978557
7,tantrum,0.0004873294346978557
6,apprehens,0.0004177109440267335
6,exit,0.0004177109440267335
6,awe,0.0004177109440267335
6,eat,0.0004177109440267335
6,intruig,0.0004177109440267335
6,glass,0.0004177109440267335
6,dirti,0.0004177109440267335
6,good,0.0004177109440267335
6,overwhelm,0.0004177109440267335
6,care,0.0004177109440267335
6,stop,0.0004177109440267335
6,sacr,0.0004177109440267335
6,moustach,0.0004177109440267335
6,mourn,0.0004177109440267335
5,scold,0.00034809245335561123
5,teas,0.00034809245335561123
5,natur,0.00034809245335561123
5,unboth,0.00034809245335561123
5,glad,0.00034809245335561123
5,aggress,0.00034809245335561123
5,intimid,0.00034809245335561123
5,elat,0.00034809245335561123
5,cring,0.00034809245335561123
5,apathi,0.00034809245335561123
5,social,0.00034809245335561123
5,forc,0.00034809245335561123
5,disinterest,0.00034809245335561123
5,loud,0.00034809245335561123
5,embarrass,0.00034809245335561123
5,energet,0.00034809245335561123
5,hope,0.00034809245335561123
5,caught,0.00034809245335561123
5,girl,0.00034809245335561123
5,dizzi,0.00034809245335561123
5,child,0.00034809245335561123
5,deject,0.00034809245335561123
5,blue,0.00034809245335561123
5,lone,0.00034809245335561123
5,kiss,0.00034809245335561123
5,hair,0.00034809245335561123
4,laughter,0.000278473962684489
4,teaful,0.000278473962684489
4,argument,0.000278473962684489
4,reject,0.000278473962684489
4,needi,0.000278473962684489
4,su,0.000278473962684489
4,fruster,0.000278473962684489
4,noth,0.000278473962684489
4,distast,0.000278473962684489
4,great,0.000278473962684489
4,cold,0.000278473962684489
4,shi,0.000278473962684489
4,panic,0.000278473962684489
4,innoc,0.000278473962684489
4,watch,0.000278473962684489
4,speak,0.000278473962684489
4,sorri,0.000278473962684489
4,bitter,0.000278473962684489
4,monoton,0.000278473962684489
4,intox,0.000278473962684489
4,averag,0.000278473962684489
4,off-guard,0.000278473962684489
4,hopeless,0.000278473962684489
4,desper,0.000278473962684489
4,smell,0.000278473962684489
4,fine,0.000278473962684489
4,forehead,0.000278473962684489
4,disturb,0.000278473962684489
4,process,0.000278473962684489
4,fierc,0.000278473962684489
4,talk,0.000278473962684489
4,shini,0.000278473962684489
4,craze,0.000278473962684489
4,despair,0.000278473962684489
4,mellow,0.000278473962684489
4,purs,0.000278473962684489
4,mischievi,0.000278473962684489
4,pleasant,0.000278473962684489
4,adult,0.000278473962684489
4,convers,0.000278473962684489
4,betray,0.000278473962684489
4,genuin,0.000278473962684489
3,listen,0.00020885547201336674
3,inquisit,0.00020885547201336674
3,dissaponit,0.00020885547201336674
3,fwe,0.00020885547201336674
3,pink,0.00020885547201336674
3,discomfort,0.00020885547201336674
3,embarass,0.00020885547201336674
3,clueless,0.00020885547201336674
3,uspet,0.00020885547201336674
3,mystevi,0.00020885547201336674
3,deviou,0.00020885547201336674
3,stalker,0.00020885547201336674
3,done,0.00020885547201336674
3,express,0.00020885547201336674
3,exist,0.00020885547201336674
3,unconfort,0.00020885547201336674
3,hype,0.00020885547201336674
3,enjoy,0.00020885547201336674
3,boy,0.00020885547201336674
3,ahhh,0.00020885547201336674
3,eye,0.00020885547201336674
3,arrog,0.00020885547201336674
3,whi,0.00020885547201336674
3,attent,0.00020885547201336674
3,infuri,0.00020885547201336674
3,pictur,0.00020885547201336674
3,beard,0.00020885547201336674
3,eyebrow,0.00020885547201336674
3,finr,0.00020885547201336674
3,know,0.00020885547201336674
3,drunk,0.00020885547201336674
3,friendli,0.00020885547201336674
3,nice,0.00020885547201336674
3,pensiv,0.00020885547201336674
3,look,0.00020885547201336674
3,disagr,0.00020885547201336674
3,offend,0.00020885547201336674
3,argu,0.00020885547201336674
3,taken-aback,0.00020885547201336674
3,lowkey,0.00020885547201336674
3,winc,0.00020885547201336674
3,ear,0.00020885547201336674
3,drain,0.00020885547201336674
3,unexcit,0.00020885547201336674
3,sullen,0.00020885547201336674
3,rage,0.00020885547201336674
3,repuls,0.00020885547201336674
3,power,0.00020885547201336674
3,bang,0.00020885547201336674
3,uneasi,0.00020885547201336674
2,disapprov,0.0001392369813422445
2,understand,0.0001392369813422445
2,joyou,0.0001392369813422445
2,cheeki,0.0001392369813422445
2,like,0.0001392369813422445
2,yuk,0.0001392369813422445
2,flabbergast,0.0001392369813422445
2,wit,0.0001392369813422445
2,orang,0.0001392369813422445
2,dispair,0.0001392369813422445
2,empathet,0.0001392369813422445
2,creppi,0.0001392369813422445
2,piti,0.0001392369813422445
2,wink,0.0001392369813422445
2,face,0.0001392369813422445
2,discern,0.0001392369813422445
2,dissatisfi,0.0001392369813422445
2,gentl,0.0001392369813422445
2,discourag,0.0001392369813422445
2,rebelli,0.0001392369813422445
2,fat,0.0001392369813422445
2,gloom,0.0001392369813422445
2,analyt,0.0001392369813422445
2,resent,0.0001392369813422445
2,temper,0.0001392369813422445
2,green,0.0001392369813422445
2,poor,0.0001392369813422445
2,man,0.0001392369813422445
2,escap,0.0001392369813422445
2,tier,0.0001392369813422445
2,shcoke,0.0001392369813422445
2,harsh,0.0001392369813422445
2,pouti,0.0001392369813422445
2,unfaz,0.0001392369813422445
2,feroci,0.0001392369813422445
2,contempt,0.0001392369813422445
2,furrow,0.0001392369813422445
2,tooth,0.0001392369813422445
2,yellow,0.0001392369813422445
2,blurri,0.0001392369813422445
2,homeless,0.0001392369813422445
2,wise,0.0001392369813422445
2,youth,0.0001392369813422445
2,squinti,0.0001392369813422445
2,ick,0.0001392369813422445
2,confsu,0.0001392369813422445
2,contentt,0.0001392369813422445
2,struggl,0.0001392369813422445
2,traumat,0.0001392369813422445
2,heal,0.0001392369813422445
2,condus,0.0001392369813422445
2,annouy,0.0001392369813422445
2,angsti,0.0001392369813422445
2,sa,0.0001392369813422445
2,disa,0.0001392369813422445
2,apal,0.0001392369813422445
2,worrisom,0.0001392369813422445
2,happu,0.0001392369813422445
2,chaotic,0.0001392369813422445
2,stair,0.0001392369813422445
2,sick,0.0001392369813422445
2,woe,0.0001392369813422445
2,desir,0.0001392369813422445
2,fwef,0.0001392369813422445
2,enthral,0.0001392369813422445
2,black,0.0001392369813422445
2,conflict,0.0001392369813422445
2,wfe,0.0001392369813422445
2,tens,0.0001392369813422445
2,giggl,0.0001392369813422445
2,interst,0.0001392369813422445
2,subtl,0.0001392369813422445
2,flirt,0.0001392369813422445
2,defeat,0.0001392369813422445
2,wonder,0.0001392369813422445
2,boringli,0.0001392369813422445
2,punish,0.0001392369813422445
2,strong,0.0001392369813422445
2,contetn,0.0001392369813422445
2,doubt,0.0001392369813422445
2,guilt,0.0001392369813422445
2,sdf,0.0001392369813422445
2,pain,0.0001392369813422445
2,empathi,0.0001392369813422445
2,carefre,0.0001392369813422445
2,disori,0.0001392369813422445
2,groovi,0.0001392369813422445
2,sorrow,0.0001392369813422445
2,witless,0.0001392369813422445
2,eww,0.0001392369813422445
2,ooh,0.0001392369813422445
2,empti,0.0001392369813422445
2,seren,0.0001392369813422445
2,gutwrench,0.0001392369813422445
2,weari,0.0001392369813422445
2,serou,0.0001392369813422445
2,terror,0.0001392369813422445
2,fixat,0.0001392369813422445
2,exhaust,0.0001392369813422445
2,troubl,0.0001392369813422445
2,taken-back,0.0001392369813422445
2,mean,0.0001392369813422445
2,oppos,0.0001392369813422445
2,open,0.0001392369813422445
2,selfi,0.0001392369813422445
2,judgment,0.0001392369813422445
2,arrest,0.0001392369813422445
2,hesit,0.0001392369813422445
2,naiv,0.0001392369813422445
2,profession,0.0001392369813422445
2,mustach,0.0001392369813422445
2,suspris,0.0001392369813422445
2,worreid,0.0001392369813422445
2,judgi,0.0001392369813422445
2,exict,0.0001392369813422445
2,wtf,0.0001392369813422445
2,high,0.0001392369813422445
2,lip,0.0001392369813422445
2,spunki,0.0001392369813422445
2,werid,0.0001392369813422445
1,realli,6.961849067112225e-05
1,livid,6.961849067112225e-05
1,soulless,6.961849067112225e-05
1,hapi,6.961849067112225e-05
1,close,6.961849067112225e-05
1,disgruntl,6.961849067112225e-05
1,plead,6.961849067112225e-05
1,tongu,6.961849067112225e-05
1,demand,6.961849067112225e-05
1,goof,6.961849067112225e-05
1,slick,6.961849067112225e-05
1,sojcwofijw,6.961849067112225e-05
1,mouth,6.961849067112225e-05
1,stuborn,6.961849067112225e-05
1,stupend,6.961849067112225e-05
1,hey,6.961849067112225e-05
1,queri,6.961849067112225e-05
1,peek,6.961849067112225e-05
1,focu,6.961849067112225e-05
1,funnni,6.961849067112225e-05
1,unsettl,6.961849067112225e-05
1,freckl,6.961849067112225e-05
1,unsaf,6.961849067112225e-05
1,thought,6.961849067112225e-05
1,bor8ng,6.961849067112225e-05
1,awkward,6.961849067112225e-05
1,stand,6.961849067112225e-05
1,deni,6.961849067112225e-05
1,flirtati,6.961849067112225e-05
1,uncomfory,6.961849067112225e-05
1,beg,6.961849067112225e-05
1,examin,6.961849067112225e-05
1,uncomfortanl,6.961849067112225e-05
1,uncomfor,6.961849067112225e-05
1,trivial,6.961849067112225e-05
1,learn,6.961849067112225e-05
1,anixi,6.961849067112225e-05
1,uncomkfort,6.961849067112225e-05
1,hurri,6.961849067112225e-05
1,rush,6.961849067112225e-05
1,skock,6.961849067112225e-05
1,frustru,6.961849067112225e-05
1,hat,6.961849067112225e-05
1,sweet,6.961849067112225e-05
1,discuss,6.961849067112225e-05
1,odd,6.961849067112225e-05
1,deer,6.961849067112225e-05
1,patient,6.961849067112225e-05
1,show,6.961849067112225e-05
1,yeah,6.961849067112225e-05
1,distant,6.961849067112225e-05
1,grouchi,6.961849067112225e-05
1,unemot,6.961849067112225e-05
1,heart-broken,6.961849067112225e-05
1,activ,6.961849067112225e-05
1,mischev,6.961849067112225e-05
1,gasp,6.961849067112225e-05
1,stuckup,6.961849067112225e-05
1,milld,6.961849067112225e-05
1,yike,6.961849067112225e-05
1,secret,6.961849067112225e-05
1,malici,6.961849067112225e-05
1,danger,6.961849067112225e-05
1,straight,6.961849067112225e-05
1,disengag,6.961849067112225e-05
1,shaken,6.961849067112225e-05
1,cluless,6.961849067112225e-05
1,grit,6.961849067112225e-05
1,bubbl,6.961849067112225e-05
1,alarm,6.961849067112225e-05
1,makeup,6.961849067112225e-05
1,disaprov,6.961849067112225e-05
1,cofus,6.961849067112225e-05
1,suspivi,6.961849067112225e-05
1,intreg,6.961849067112225e-05
1,fruser,6.961849067112225e-05
1,mysteri,6.961849067112225e-05
1,helplesss,6.961849067112225e-05
1,stren,6.961849067112225e-05
1,annnoy,6.961849067112225e-05
1,engag,6.961849067112225e-05
1,disconnect,6.961849067112225e-05
1,critric,6.961849067112225e-05
1,unertain,6.961849067112225e-05
1,enrag,6.961849067112225e-05
1,smirki,6.961849067112225e-05
1,thirsti,6.961849067112225e-05
1,red,6.961849067112225e-05
1,smize,6.961849067112225e-05
1,lie,6.961849067112225e-05
1,sleepi,6.961849067112225e-05
1,nerbou,6.961849067112225e-05
1,still,6.961849067112225e-05
1,gangster,6.961849067112225e-05
1,confound,6.961849067112225e-05
1,dismay,6.961849067112225e-05
1,beauti,6.961849067112225e-05
1,worriw,6.961849067112225e-05
1,cakn,6.961849067112225e-05
1,stoic,6.961849067112225e-05
1,sillyb,6.961849067112225e-05
1,elderli,6.961849067112225e-05
1,gunni,6.961849067112225e-05
1,upsrt,6.961849067112225e-05
1,confusd,6.961849067112225e-05
1,flaunt,6.961849067112225e-05
1,contentq,6.961849067112225e-05
1,smilen,6.961849067112225e-05
1,readi,6.961849067112225e-05
1,arous,6.961849067112225e-05
1,blind,6.961849067112225e-05
1,sympathet,6.961849067112225e-05
1,itnerest,6.961849067112225e-05
1,happyy,6.961849067112225e-05
1,groggi,6.961849067112225e-05
1,meme,6.961849067112225e-05
1,frsutur,6.961849067112225e-05
1,funki,6.961849067112225e-05
1,disintegr,6.961849067112225e-05
1,celebratori,6.961849067112225e-05
1,warm,6.961849067112225e-05
1,serioud,6.961849067112225e-05
1,crunch,6.961849067112225e-05
1,blah,6.961849067112225e-05
1,helpess,6.961849067112225e-05
1,annoyd,6.961849067112225e-05
1,self-sens,6.961849067112225e-05
1,frustat,6.961849067112225e-05
1,playfil,6.961849067112225e-05
1,busi,6.961849067112225e-05
1,untroubl,6.961849067112225e-05
1,dumbfound,6.961849067112225e-05
1,secreci,6.961849067112225e-05
1,melancholi,6.961849067112225e-05
1,disguets,6.961849067112225e-05
1,lovabl,6.961849067112225e-05
1,tuff,6.961849067112225e-05
1,conten,6.961849067112225e-05
1,opinion,6.961849067112225e-05
1,sasd,6.961849067112225e-05
1,surpsi,6.961849067112225e-05
1,grimac,6.961849067112225e-05
1,check,6.961849067112225e-05
1,jealou,6.961849067112225e-05
1,model,6.961849067112225e-05
1,dastardli,6.961849067112225e-05
1,frustsrat,6.961849067112225e-05
1,friendship,6.961849067112225e-05
1,detail,6.961849067112225e-05
1,exagger,6.961849067112225e-05
1,direct,6.961849067112225e-05
1,hide,6.961849067112225e-05
1,unhealthi,6.961849067112225e-05
1,uncomfortbl,6.961849067112225e-05
1,uncomofort,6.961849067112225e-05
1,unc9mfprtabl,6.961849067112225e-05
1,gossip,6.961849067112225e-05
1,celebr,6.961849067112225e-05
1,overjoy,6.961849067112225e-05
1,need,6.961849067112225e-05
1,want,6.961849067112225e-05
1,dishevl,6.961849067112225e-05
1,plot,6.961849067112225e-05
1,read,6.961849067112225e-05
1,option,6.961849067112225e-05
1,anim,6.961849067112225e-05
1,frustrt,6.961849067112225e-05
1,ridicul,6.961849067112225e-05
1,strucken,6.961849067112225e-05
1,peopl,6.961849067112225e-05
1,real,6.961849067112225e-05
1,sneaki,6.961849067112225e-05
1,jolli,6.961849067112225e-05
1,despis,6.961849067112225e-05
1,hyper,6.961849067112225e-05
1,happyb,6.961849067112225e-05
1,scheme,6.961849067112225e-05
1,astonish,6.961849067112225e-05
1,littl,6.961849067112225e-05
1,guiltili,6.961849067112225e-05
1,disguis,6.961849067112225e-05
1,rattl,6.961849067112225e-05
1,giggli,6.961849067112225e-05
1,digust,6.961849067112225e-05
1,dork,6.961849067112225e-05
1,react,6.961849067112225e-05
1,relat,6.961849067112225e-05
1,uncontrol,6.961849067112225e-05
1,facad,6.961849067112225e-05
1,"""really?""",6.961849067112225e-05
1,sdlkf,6.961849067112225e-05
1,malcont,6.961849067112225e-05
1,kfnsl,6.961849067112225e-05
1,lmao,6.961849067112225e-05
1,b]],6.961849067112225e-05
1,hodijf,6.961849067112225e-05
1,inform,6.961849067112225e-05
1,nso,6.961849067112225e-05
1,uniinterest,6.961849067112225e-05
1,kedf,6.961849067112225e-05
1,iojsdgh,6.961849067112225e-05
1,dissappoint,6.961849067112225e-05
1,"""okay?""",6.961849067112225e-05
1,"""ooooooo""",6.961849067112225e-05
1,parti,6.961849067112225e-05
1,knowledg,6.961849067112225e-05
1,whatev,6.961849067112225e-05
1,whyyyyi,6.961849067112225e-05
1,oof,6.961849067112225e-05
1,reveng,6.961849067112225e-05
1,vengeanc,6.961849067112225e-05
1,ooooooo,6.961849067112225e-05
1,tast,6.961849067112225e-05
1,delici,6.961849067112225e-05
1,fashionista,6.961849067112225e-05
1,"""wooowwww""",6.961849067112225e-05
1,uhhh,6.961849067112225e-05
1,whine,6.961849067112225e-05
1,injur,6.961849067112225e-05
1,ouch,6.961849067112225e-05
1,wick,6.961849067112225e-05
1,nkng,6.961849067112225e-05
1,challeng,6.961849067112225e-05
1,judgey,6.961849067112225e-05
1,whatttt?,6.961849067112225e-05
1,okay,6.961849067112225e-05
1,happt,6.961849067112225e-05
1,dissport,6.961849067112225e-05
1,haapi,6.961849067112225e-05
1,susouir,6.961849067112225e-05
1,oohhh,6.961849067112225e-05
1,hyoe,6.961849067112225e-05
1,eixt,6.961849067112225e-05
1,dissaposnitd,6.961849067112225e-05
1,dissapinit,6.961849067112225e-05
1,haoppi,6.961849067112225e-05
1,disugest,6.961849067112225e-05
1,ohhh,6.961849067112225e-05
1,previ,6.961849067112225e-05
1,winey,6.961849067112225e-05
1,slay,6.961849067112225e-05
1,entertain,6.961849067112225e-05
1,damm,6.961849067112225e-05
1,selli,6.961849067112225e-05
1,gooffi,6.961849067112225e-05
1,agneri,6.961849067112225e-05
1,outropect,6.961849067112225e-05
1,souou,6.961849067112225e-05
1,smilel,6.961849067112225e-05
1,ewww,6.961849067112225e-05
1,grrrrr,6.961849067112225e-05
1,grimmic,6.961849067112225e-05
1,what???,6.961849067112225e-05
1,uptight,6.961849067112225e-05
1,prank,6.961849067112225e-05
1,karen,6.961849067112225e-05
1,unammus,6.961849067112225e-05
1,what?,6.961849067112225e-05
1,manipul,6.961849067112225e-05
1,overwork,6.961849067112225e-05
1,reproach,6.961849067112225e-05
1,exasper,6.961849067112225e-05
1,boast,6.961849067112225e-05
1,impos,6.961849067112225e-05
1,spite,6.961849067112225e-05
1,ha?,6.961849067112225e-05
1,nonono,6.961849067112225e-05
1,makup,6.961849067112225e-05
1,teacher,6.961849067112225e-05
1,handsom,6.961849067112225e-05
1,woman,6.961849067112225e-05
1,mo?,6.961849067112225e-05
1,dilik,6.961849067112225e-05
1,suspic,6.961849067112225e-05
1,linier,6.961849067112225e-05
1,lash,6.961849067112225e-05
1,ah?,6.961849067112225e-05
1,glow,6.961849067112225e-05
1,noen,6.961849067112225e-05
1,resignedli,6.961849067112225e-05
1,stupid,6.961849067112225e-05
1,cruel,6.961849067112225e-05
1,hockey,6.961849067112225e-05
1,madddd,6.961849067112225e-05
1,foggi,6.961849067112225e-05
1,scd,6.961849067112225e-05
1,grmpi,6.961849067112225e-05
1,cryimg,6.961849067112225e-05
1,suffer,6.961849067112225e-05
1,miser,6.961849067112225e-05
1,side-ey,6.961849067112225e-05
1,beaten,6.961849067112225e-05
1,"""okay??""",6.961849067112225e-05
1,2000',6.961849067112225e-05
1,girlboss,6.961849067112225e-05
1,peev,6.961849067112225e-05
1,observ,6.961849067112225e-05
1,fascin,6.961849067112225e-05
1,mugshot,6.961849067112225e-05
1,unregret,6.961849067112225e-05
1,comfot,6.961849067112225e-05
1,disagre,6.961849067112225e-05
1,act,6.961849067112225e-05
1,sarcast,6.961849067112225e-05
1,put-off,6.961849067112225e-05
1,unsatisfi,6.961849067112225e-05
1,stimulu,6.961849067112225e-05
1,scorn,6.961849067112225e-05
1,overexagger,6.961849067112225e-05
1,pretend,6.961849067112225e-05
1,phrase,6.961849067112225e-05
1,confront,6.961849067112225e-05
1,wordless,6.961849067112225e-05
1,bug,6.961849067112225e-05
1,drink,6.961849067112225e-05
1,esthet,6.961849067112225e-05
1,bold,6.961849067112225e-05
1,snarki,6.961849067112225e-05
1,impati,6.961849067112225e-05
1,contempl,6.961849067112225e-05
1,naggi,6.961849067112225e-05
1,pushi,6.961849067112225e-05
1,consfus,6.961849067112225e-05
1,agit,6.961849067112225e-05
1,vibe,6.961849067112225e-05
1,efwfwefew,6.961849067112225e-05
1,horror,6.961849067112225e-05
1,dramat,6.961849067112225e-05
1,prepar,6.961849067112225e-05
1,frigten,6.961849067112225e-05
1,dsf,6.961849067112225e-05
1,ffw,6.961849067112225e-05
1,q2r,6.961849067112225e-05
1,wfea,6.961849067112225e-05
1,ooo,6.961849067112225e-05
1,shco,6.961849067112225e-05
1,erg,6.961849067112225e-05
1,olii,6.961849067112225e-05
1,aefeaf,6.961849067112225e-05
1,gsgr,6.961849067112225e-05
1,grsgsd,6.961849067112225e-05
1,uncertainti,6.961849067112225e-05
1,wef,6.961849067112225e-05
1,dsg,6.961849067112225e-05
1,gfdgfggdfg,6.961849067112225e-05
1,drgdf,6.961849067112225e-05
1,fdg,6.961849067112225e-05
1,efwfd,6.961849067112225e-05
1,grw,6.961849067112225e-05
1,esfd,6.961849067112225e-05
1,mos4,6.961849067112225e-05
1,adam,6.961849067112225e-05
1,csvd,6.961849067112225e-05
1,wew,6.961849067112225e-05
1,efwf,6.961849067112225e-05
1,oop,6.961849067112225e-05
1,pso,6.961849067112225e-05
1,certainti,6.961849067112225e-05
1,stone,6.961849067112225e-05
1,tough,6.961849067112225e-05
1,creanki,6.961849067112225e-05
1,okkkk,6.961849067112225e-05
1,doll,6.961849067112225e-05
1,unwant,6.961849067112225e-05
1,unordinari,6.961849067112225e-05
1,puffi,6.961849067112225e-05
1,dark,6.961849067112225e-05
1,ador,6.961849067112225e-05
1,moment,6.961849067112225e-05
1,display,6.961849067112225e-05
1,scrunch,6.961849067112225e-05
1,enhanc,6.961849067112225e-05
1,wound,6.961849067112225e-05
1,spoil,6.961849067112225e-05
1,sweat,6.961849067112225e-05
1,suprirs,6.961849067112225e-05
1,light,6.961849067112225e-05
1,exager,6.961849067112225e-05
1,hstew,6.961849067112225e-05
1,cslm,6.961849067112225e-05
1,sngri,6.961849067112225e-05
1,unfamiy,6.961849067112225e-05
1,unint,6.961849067112225e-05
1,surprisef,6.961849067112225e-05
1,nar,6.961849067112225e-05
1,miss,6.961849067112225e-05
1,claim,6.961849067112225e-05
1,unconsci,6.961849067112225e-05
1,hapoy,6.961849067112225e-05
1,confusionm,6.961849067112225e-05
1,crt,6.961849067112225e-05
1,da,6.961849067112225e-05
1,jail,6.961849067112225e-05
1,jou,6.961849067112225e-05
1,extravag,6.961849067112225e-05
1,rebel,6.961849067112225e-05
1,fright,6.961849067112225e-05
1,upsey,6.961849067112225e-05
1,giddi,6.961849067112225e-05
1,author,6.961849067112225e-05
1,cocki,6.961849067112225e-05
1,ecstat,6.961849067112225e-05
1,accomplish,6.961849067112225e-05
1,angr,6.961849067112225e-05
1,laugher,6.961849067112225e-05
1,candid,6.961849067112225e-05
1,neg,6.961849067112225e-05
1,complic,6.961849067112225e-05
1,even,6.961849067112225e-05
1,45earwhgzhxcdsrhg,6.961849067112225e-05
1,bewilder,6.961849067112225e-05
1,jovial,6.961849067112225e-05
1,timid,6.961849067112225e-05
1,anxieti,6.961849067112225e-05
1,meek,6.961849067112225e-05
1,report,6.961849067112225e-05
1,childish,6.961849067112225e-05
1,smrik,6.961849067112225e-05
1,berat,6.961849067112225e-05
1,search,6.961849067112225e-05
1,detach,6.961849067112225e-05
1,outrag,6.961849067112225e-05
1,straightfac,6.961849067112225e-05
1,unthril,6.961849067112225e-05
1,disintrigu,6.961849067112225e-05
1,admir,6.961849067112225e-05
1,gaze,6.961849067112225e-05
1,sadd,6.961849067112225e-05
1,sun,6.961849067112225e-05
1,scre,6.961849067112225e-05
1,mexico,6.961849067112225e-05
1,dope,6.961849067112225e-05
1,grammi,6.961849067112225e-05
1,tong,6.961849067112225e-05
1,innoci,6.961849067112225e-05
1,sda,6.961849067112225e-05
1,mexian,6.961849067112225e-05
1,dai,6.961849067112225e-05
1,olil,6.961849067112225e-05
1,nani,6.961849067112225e-05
1,admit,6.961849067112225e-05
1,obama,6.961849067112225e-05
1,toothless,6.961849067112225e-05
1,women,6.961849067112225e-05
1,oil,6.961849067112225e-05
1,unthough,6.961849067112225e-05
1,gratitud,6.961849067112225e-05
1,optimist,6.961849067112225e-05
1,pyscho,6.961849067112225e-05
1,unknow,6.961849067112225e-05
1,toung,6.961849067112225e-05
1,tour,6.961849067112225e-05
1,anrgi,6.961849067112225e-05
1,sexi,6.961849067112225e-05
1,moodi,6.961849067112225e-05
1,broken,6.961849067112225e-05
1,sinist,6.961849067112225e-05
1,schock,6.961849067112225e-05
